id,firstname,Address,Diners_Club_Card_Number
1,James1,Add1,30191162146577
2,James2,Add2,30191162146577
3,James3,Add3,30191162146577
4,James4,Add4,30191162146577
5,James5,Add5,30191162146577
6,James6,Add6,30191162146577
7,James7,Add7,30191162146577
8,James8,Add8,30191162146577
9,James9,Add9,30191162146577
10,James10,Add10,30191162146577
11,James11,Add11,30191162146577
12,James12,Add12,30191162146577
13,James13,Add13,30191162146577
14,James14,Add14,30191162146577
15,James15,Add15,30191162146577
16,James16,Add16,30191162146577
17,James17,Add17,30191162146577
18,James18,Add18,30191162146577
19,James19,Add19,30191162146577
20,James20,Add20,30191162146577
21,James21,Add21,30191162146577
22,James22,Add22,30191162146577
23,James23,Add23,30191162146577
24,James24,Add24,30191162146577
25,James25,Add25,30191162146577
26,James26,Add26,30191162146577
27,James27,Add27,30191162146577
28,James28,Add28,30191162146577
29,James29,Add29,30191162146577
30,James30,Add30,30191162146577
31,James31,Add31,30191162146577
32,James32,Add32,30191162146577
33,James33,Add33,30191162146577
34,James34,Add34,30191162146577
35,James35,Add35,30191162146577
36,James36,Add36,30191162146577
37,James37,Add37,30191162146577
38,James38,Add38,30191162146577
39,James39,Add39,30191162146577
40,James40,Add40,30191162146577
41,James41,Add41,30191162146577
42,James42,Add42,30191162146577
43,James43,Add43,30191162146577
44,James44,Add44,30191162146577
45,James45,Add45,30191162146577
46,James46,Add46,30191162146577
47,James47,Add47,30191162146577
48,James48,Add48,30191162146577
49,James49,Add49,30191162146577
50,James50,Add50,30191162146577
51,James51,Add51,30191162146577
52,James52,Add52,30191162146577
53,James53,Add53,30191162146577
54,James54,Add54,30191162146577
55,James55,Add55,30191162146577
56,James56,Add56,30191162146577
57,James57,Add57,30191162146577
58,James58,Add58,30191162146577
59,James59,Add59,30191162146577
60,James60,Add60,30191162146577
61,James61,Add61,30172281457317
62,James62,Add62,30261664623930
63,James63,Add63,36829288531931
64,James64,Add64,30336785119982
65,James65,Add65,30501731996829
66,James66,Add66,30490307304647
67,James67,Add67,30350056081759
68,James68,Add68,30350056081759
69,James69,Add69,30350056081759
70,James70,Add70,30350056081759
71,James71,Add71,30350056081759
72,James72,Add72,30350056081759
73,James73,Add73,30350056081759
74,James74,Add74,30350056081759
75,James75,Add75,30350056081759
76,James76,Add76,30350056081759
77,James77,Add77,30350056081759
78,James78,Add78,30350056081759
79,James79,Add79,30350056081759
80,James80,Add80,30350056081759
81,James81,Add81,30350056081759
82,James82,Add82,30350056081759
83,James83,Add83,30350056081759
84,James84,Add84,30350056081759
85,James85,Add85,30350056081759
86,James86,Add86,30350056081759
87,James87,Add87,30350056081759
88,James88,Add88,30350056081759
89,James89,Add89,30350056081759
90,James90,Add90,30350056081759
91,James91,Add91,30350056081759
92,James92,Add92,30350056081759
93,James93,Add93,30350056081759
94,James94,Add94,30350056081759
95,James95,Add95,30350056081759
96,James96,Add96,30350056081759
97,James97,Add97,30350056081759
98,James98,Add98,30350056081759
99,James99,Add99,30350056081759
100,James100,Add100,30350056081759
